iter,vocab_size,density,avg_pairwise_dist,avg_disc,num_rules
0,80,0.6704724507401344,0.5465069634307624,5.997487110008942e-05,63116
1,79,0.6709995833900352,0.5457932799223666,6.085782257648508e-05,63114
2,80,0.6416269679020521,0.5840659941721357,6.189765408017717e-05,26105
3,80,0.6419390107015968,0.5836085846182734,6.327581722552905e-05,25587
4,81,0.6425152056872182,0.5828733214878156,6.2665298737907e-05,25486
5,82,0.609358649628698,0.6241034165542213,6.0801193267823724e-05,11254
